timestamp,open,high,low,close,volume
2025-12-27 07:00:00,839.54,843.09,839.3,840.57,6978.256
2025-12-27 08:00:00,840.56,843.22,840.06,840.25,7446.436
2025-12-27 09:00:00,840.25,841.98,838.39,838.69,9438.928
2025-12-27 10:00:00,838.7,843.42,837.62,841.65,17019.164
2025-12-27 11:00:00,841.65,841.72,840.1,840.96,3497.016
2025-12-27 12:00:00,840.97,841.46,839.52,840.03,4329.62
2025-12-27 13:00:00,840.03,841.15,839.31,840.31,3224.286
2025-12-27 14:00:00,840.31,840.59,838.59,839.4,3370.87
2025-12-27 15:00:00,839.4,841.53,838.47,840.9,3069.213
2025-12-27 16:00:00,840.9,841.77,840.25,840.58,1923.641
2025-12-27 17:00:00,840.59,841.4,839.44,840.14,2557.367
2025-12-27 18:00:00,840.14,840.45,839.7,839.88,1051.313
2025-12-27 19:00:00,839.89,840.95,839.65,840.95,792.855
2025-12-27 20:00:00,840.95,841.92,839.79,840.29,1638.927
2025-12-27 21:00:00,840.3,842.49,840.29,842.37,1127.18
2025-12-27 22:00:00,842.37,846.54,841.08,842.12,4027.918
2025-12-27 23:00:00,842.13,846.38,842.12,845.04,2745.014
2025-12-28 00:00:00,845.05,845.68,842.59,842.61,2878.654
2025-12-28 01:00:00,842.61,843.3,839.2,840.29,2988.333
2025-12-28 02:00:00,840.3,842.59,840.05,841.5,2043.44
2025-12-28 03:00:00,841.49,842.0,840.5,841.6,1602.35
2025-12-28 04:00:00,841.61,844.05,841.4,843.03,1714.135
2025-12-28 05:00:00,843.03,844.07,842.12,843.07,4384.29
2025-12-28 06:00:00,843.07,844.2,842.79,843.7,1520.836
2025-12-28 07:00:00,843.71,844.1,843.3,843.92,1343.865
2025-12-28 08:00:00,843.92,846.97,843.92,845.63,2459.88
2025-12-28 09:00:00,845.64,846.38,844.14,845.59,3171.733
2025-12-28 10:00:00,845.58,849.87,845.58,848.08,4871.973
2025-12-28 11:00:00,848.08,857.0,847.99,854.6,11597.189
2025-12-28 12:00:00,854.61,857.22,854.6,855.54,4485.923
2025-12-28 13:00:00,855.55,858.7,855.32,858.05,5493.008
2025-12-28 14:00:00,858.05,859.33,856.37,857.52,4877.177
2025-12-28 15:00:00,857.52,863.4,857.37,860.58,6622.997
2025-12-28 16:00:00,860.57,865.09,860.12,864.0,7197.74
2025-12-28 17:00:00,864.01,866.4,863.14,866.26,4561.638
2025-12-28 18:00:00,866.27,867.22,858.84,859.0,6166.716
2025-12-28 19:00:00,859.0,862.51,858.81,859.68,2426.258
2025-12-28 20:00:00,859.68,862.37,858.69,860.66,1783.7
2025-12-28 21:00:00,860.65,860.81,856.84,858.2,2657.287
2025-12-28 22:00:00,858.2,860.9,857.0,860.06,2199.911
2025-12-28 23:00:00,860.05,860.64,857.0,859.32,2552.953
2025-12-29 00:00:00,859.32,864.85,858.71,862.52,4778.319
2025-12-29 01:00:00,862.52,865.31,859.3,864.54,4859.829
2025-12-29 02:00:00,864.55,872.12,864.54,866.84,12779.676
2025-12-29 03:00:00,866.84,871.13,866.19,869.19,6612.938
2025-12-29 04:00:00,869.2,871.66,867.8,868.77,4282.723
2025-12-29 05:00:00,868.77,868.9,864.03,864.57,5380.248
2025-12-29 06:00:00,864.56,865.95,863.52,863.84,2912.967
2025-12-29 07:00:00,863.84,864.0,858.8,860.58,10496.673
2025-12-29 08:00:00,860.58,861.79,858.6,858.84,6130.692
2025-12-29 09:00:00,858.83,858.91,847.55,851.49,11049.053
2025-12-29 10:00:00,851.48,854.69,850.93,853.95,5967.69
2025-12-29 11:00:00,853.96,855.58,852.75,853.04,4151.624
2025-12-29 12:00:00,853.05,853.9,846.0,851.86,10556.448
2025-12-29 13:00:00,851.87,853.25,848.64,849.99,4209.552
2025-12-29 14:00:00,849.99,855.4,848.56,851.09,5765.29
2025-12-29 15:00:00,851.1,855.06,850.25,853.6,6869.173
2025-12-29 16:00:00,853.59,855.26,850.0,853.81,5148.627
2025-12-29 17:00:00,853.82,854.76,852.0,854.52,2141.8
2025-12-29 18:00:00,854.53,855.69,851.11,851.86,4376.045
2025-12-29 19:00:00,851.87,853.47,851.27,853.03,2334.689
2025-12-29 20:00:00,853.03,855.04,851.43,852.72,2729.977
2025-12-29 21:00:00,852.73,854.9,852.5,854.74,948.661
2025-12-29 22:00:00,854.75,854.75,852.9,853.57,990.136
2025-12-29 23:00:00,853.57,853.8,852.02,852.46,1678.617
2025-12-30 00:00:00,852.46,853.5,850.68,851.59,1273.107
2025-12-30 01:00:00,851.6,853.19,850.28,852.51,1607.643
2025-12-30 02:00:00,852.51,852.68,848.9,849.74,2425.436
2025-12-30 03:00:00,849.75,853.18,848.7,852.5,2703.345
2025-12-30 04:00:00,852.5,853.2,851.07,852.41,2062.181
2025-12-30 05:00:00,852.42,853.1,850.38,850.93,2079.393
2025-12-30 06:00:00,850.94,854.89,850.77,853.54,2660.394
2025-12-30 07:00:00,853.54,854.85,853.09,853.75,2123.143
2025-12-30 08:00:00,853.75,859.76,853.75,856.51,6952.818
2025-12-30 09:00:00,856.51,857.35,854.67,856.61,2633.026
2025-12-30 10:00:00,856.62,856.94,854.89,855.33,3147.253
2025-12-30 11:00:00,855.34,856.09,853.79,854.8,2541.566
2025-12-30 12:00:00,854.8,856.57,854.61,856.55,2539.984
2025-12-30 13:00:00,856.55,863.22,856.41,862.62,6120.052
2025-12-30 14:00:00,862.63,864.05,857.82,861.91,7246.669
2025-12-30 15:00:00,861.91,863.59,857.77,862.78,5695.642
2025-12-30 16:00:00,862.79,863.06,858.4,860.44,3431.874
2025-12-30 17:00:00,860.45,861.66,858.45,860.19,2825.199
2025-12-30 18:00:00,860.19,861.71,858.67,860.31,2099.528
2025-12-30 19:00:00,860.32,860.32,857.35,859.79,3729.2
2025-12-30 20:00:00,859.79,860.29,858.5,858.7,1951.285
2025-12-30 21:00:00,858.7,861.24,858.33,861.23,1851.502
2025-12-30 22:00:00,861.23,862.81,860.61,861.59,1431.85
2025-12-30 23:00:00,861.58,863.06,861.1,861.65,2100.957
2025-12-31 00:00:00,861.66,862.47,859.09,859.4,2216.032
2025-12-31 01:00:00,859.41,863.0,858.8,861.47,1959.723
2025-12-31 02:00:00,861.48,861.48,859.05,860.13,1535.972
2025-12-31 03:00:00,860.13,860.79,857.69,859.29,1871.754
2025-12-31 04:00:00,859.29,861.23,858.99,861.23,5825.711
2025-12-31 05:00:00,861.23,864.0,860.38,863.19,11047.131
2025-12-31 06:00:00,863.2,866.65,862.92,866.12,10971.165
2025-12-31 07:00:00,866.12,868.0,864.84,867.99,8591.912
2025-12-31 08:00:00,867.99,869.04,864.95,866.31,6056.41
2025-12-31 09:00:00,866.31,866.78,865.22,865.34,3228.309
2025-12-31 10:00:00,865.35,869.15,865.2,868.14,6740.79
2025-12-31 11:00:00,868.14,869.35,867.68,869.2,5026.007
2025-12-31 12:00:00,869.19,869.34,866.08,866.85,4241.386
2025-12-31 13:00:00,866.85,869.0,866.3,868.44,5081.43
2025-12-31 14:00:00,868.44,877.29,864.9,866.09,21670.845
2025-12-31 15:00:00,866.09,866.8,860.53,863.3,14334.411
2025-12-31 16:00:00,863.3,864.5,857.88,861.58,8299.666
2025-12-31 17:00:00,861.58,863.65,861.25,862.61,4605.214
2025-12-31 18:00:00,862.62,864.48,861.72,862.01,4701.912
2025-12-31 19:00:00,862.01,864.81,862.01,864.32,5782.264
2025-12-31 20:00:00,864.31,864.48,860.84,863.49,8788.477
2025-12-31 21:00:00,863.49,866.38,863.48,866.0,2182.315
2025-12-31 22:00:00,866.0,866.56,864.0,864.48,2852.081
2025-12-31 23:00:00,864.48,865.56,864.17,864.3,2383.701
2026-01-01 00:00:00,864.31,866.6,863.79,866.35,2739.965
2026-01-01 01:00:00,866.34,873.77,866.19,872.83,9777.181
2026-01-01 02:00:00,872.83,874.51,870.67,871.58,5451.704
2026-01-01 03:00:00,871.58,873.4,868.73,869.16,3076.003
2026-01-01 04:00:00,869.15,869.21,862.0,863.4,6806.683
2026-01-01 05:00:00,863.4,865.03,862.49,862.74,5098.225
2026-01-01 06:00:00,862.73,864.5,861.64,861.78,3676.353
2026-01-01 07:00:00,861.79,861.79,859.2,859.52,3658.995
2026-01-01 08:00:00,859.52,861.65,858.98,861.37,2336.521
2026-01-01 09:00:00,861.37,861.7,859.99,860.15,2542.983
2026-01-01 10:00:00,860.15,861.75,860.15,861.21,2015.61
2026-01-01 11:00:00,861.21,861.97,860.59,861.59,2136.944
2026-01-01 12:00:00,861.6,861.6,856.14,859.12,4775.03
2026-01-01 13:00:00,859.12,860.8,858.48,858.71,2617.26
2026-01-01 14:00:00,858.72,859.63,857.14,857.94,2352.254
2026-01-01 15:00:00,857.95,860.54,856.34,859.36,3682.496
2026-01-01 16:00:00,859.36,859.92,857.41,858.1,2155.104
2026-01-01 17:00:00,858.1,861.08,857.22,859.99,2900.099
2026-01-01 18:00:00,859.99,860.33,858.91,860.09,1842.991
2026-01-01 19:00:00,860.09,861.77,859.15,861.56,2061.039
2026-01-01 20:00:00,861.57,862.14,860.16,861.02,2678.485
2026-01-01 21:00:00,861.02,862.76,860.89,862.38,1161.908
2026-01-01 22:00:00,862.38,863.94,861.41,863.49,2680.264
2026-01-01 23:00:00,863.5,864.65,862.33,864.39,2489.565
2026-01-02 00:00:00,864.4,865.0,861.46,864.43,3578.328
2026-01-02 01:00:00,864.43,864.84,862.0,862.53,2088.444
2026-01-02 02:00:00,862.54,863.18,859.64,863.18,2601.28
2026-01-02 03:00:00,863.18,867.17,862.67,865.79,5646.967
2026-01-02 04:00:00,865.8,866.32,863.96,864.9,4309.182
2026-01-02 05:00:00,864.9,867.11,863.08,866.15,3307.58
2026-01-02 06:00:00,866.16,867.97,865.65,866.33,2783.09
2026-01-02 07:00:00,866.33,866.94,864.56,864.9,4759.689
2026-01-02 08:00:00,864.89,869.35,864.89,867.93,4888.883
2026-01-02 09:00:00,867.93,872.0,867.6,871.22,5777.89
2026-01-02 10:00:00,871.22,874.38,870.92,871.83,6815.703
2026-01-02 11:00:00,871.84,871.85,866.52,869.51,4611.015
2026-01-02 12:00:00,869.52,871.29,869.06,869.55,2334.889
2026-01-02 13:00:00,869.55,872.18,869.04,870.36,3744.673
2026-01-02 14:00:00,870.37,878.0,865.26,875.32,13734.236
2026-01-02 15:00:00,875.32,882.37,870.34,877.99,13810.328
2026-01-02 16:00:00,878.0,887.17,877.47,886.51,15293.983
2026-01-02 17:00:00,886.52,891.14,884.03,886.95,12427.297
2026-01-02 18:00:00,886.96,888.13,878.98,880.75,4669.546
2026-01-02 19:00:00,880.76,883.23,880.14,880.55,2514.686
2026-01-02 20:00:00,880.55,883.26,878.53,879.31,2097.031
2026-01-02 21:00:00,879.32,882.99,879.03,882.35,1964.724
2026-01-02 22:00:00,882.34,885.35,882.0,884.97,2730.045
2026-01-02 23:00:00,884.97,885.63,880.49,881.25,2582.253
2026-01-03 00:00:00,881.25,884.24,880.62,881.53,3085.013
2026-01-03 01:00:00,881.52,881.77,879.15,879.75,2386.905
2026-01-03 02:00:00,879.75,879.75,875.14,878.0,7221.893
2026-01-03 03:00:00,878.01,879.28,877.0,879.2,2450.443
2026-01-03 04:00:00,879.2,880.12,877.7,879.23,4421.888
2026-01-03 05:00:00,879.24,879.32,874.39,876.63,2806.876
2026-01-03 06:00:00,876.63,877.06,872.99,874.13,5732.296
2026-01-03 07:00:00,874.13,875.18,868.65,873.0,6905.311
2026-01-03 08:00:00,873.0,875.6,871.58,874.24,3382.955
2026-01-03 09:00:00,874.23,875.62,873.72,874.74,3666.225
2026-01-03 10:00:00,874.75,874.9,872.94,873.56,2515.42
2026-01-03 11:00:00,873.56,874.29,872.54,874.24,2940.065
2026-01-03 12:00:00,874.24,875.92,873.57,875.26,3737.306
2026-01-03 13:00:00,875.27,877.54,875.01,877.07,3559.495
2026-01-03 14:00:00,877.07,877.07,873.46,874.22,7085.217
2026-01-03 15:00:00,874.23,875.03,871.6,873.44,3595.197
2026-01-03 16:00:00,873.44,876.45,873.43,875.82,2760.148
2026-01-03 17:00:00,875.82,877.3,875.3,876.77,1525.669
2026-01-03 18:00:00,876.77,877.2,875.42,876.96,2604.77
2026-01-03 19:00:00,876.96,877.17,876.28,876.4,1030.742
2026-01-03 20:00:00,876.41,877.36,875.5,877.32,1397.511
2026-01-03 21:00:00,877.31,879.45,876.9,879.2,2283.73
2026-01-03 22:00:00,879.2,880.0,878.03,878.5,1546.179
2026-01-03 23:00:00,878.5,879.63,878.12,878.63,1323.951
2026-01-04 00:00:00,878.64,883.3,878.47,881.03,7692.474
2026-01-04 01:00:00,881.03,883.71,880.59,882.54,3273.741
2026-01-04 02:00:00,882.55,882.55,880.2,880.69,2063.527
2026-01-04 03:00:00,880.68,883.57,880.68,883.14,2313.907
2026-01-04 04:00:00,883.13,890.84,882.84,888.81,10181.68
2026-01-04 05:00:00,888.81,888.95,885.67,888.21,4079.379
2026-01-04 06:00:00,888.21,889.85,884.0,884.67,7920.15
2026-01-04 07:00:00,884.67,885.66,883.1,884.66,4171.042
2026-01-04 08:00:00,884.67,886.66,882.58,886.0,3653.377
2026-01-04 09:00:00,886.0,886.71,884.44,886.2,3596.789
2026-01-04 10:00:00,886.2,887.39,885.7,887.2,2110.625
2026-01-04 11:00:00,887.2,887.2,884.5,884.88,3801.942
2026-01-04 12:00:00,884.88,887.86,883.59,887.09,3047.619
2026-01-04 13:00:00,887.1,890.0,886.42,888.7,3365.577
2026-01-04 14:00:00,888.71,888.71,884.87,887.0,4156.094
2026-01-04 15:00:00,887.0,889.43,885.1,889.3,3758.501
2026-01-04 16:00:00,889.3,897.59,889.29,897.3,12924.602
2026-01-04 17:00:00,897.3,902.85,896.36,900.9,13794.785
2026-01-04 18:00:00,900.91,900.91,894.72,895.07,6658.622
2026-01-04 19:00:00,895.07,895.34,890.7,892.53,5356.439
2026-01-04 20:00:00,892.52,897.65,892.52,896.21,2432.55
2026-01-04 21:00:00,896.21,897.52,894.9,897.01,1994.25
2026-01-04 22:00:00,897.0,897.5,892.41,893.64,3133.292
2026-01-04 23:00:00,893.65,896.47,892.88,895.43,3206.143
2026-01-05 00:00:00,895.43,901.17,894.73,900.22,6902.313
2026-01-05 01:00:00,900.22,906.91,899.2,903.25,14621.45
2026-01-05 02:00:00,903.26,904.23,899.02,901.28,6245.493
2026-01-05 03:00:00,901.29,902.1,899.09,900.02,4508.191
2026-01-05 04:00:00,900.02,900.68,890.59,895.42,10473.997
2026-01-05 05:00:00,895.42,895.42,892.71,892.75,2888.401
2026-01-05 06:00:00,892.76,900.17,892.26,899.88,4642.587
2026-01-05 07:00:00,899.89,900.49,898.07,899.2,3707.675
2026-01-05 08:00:00,899.2,900.82,897.23,898.45,5131.085
2026-01-05 09:00:00,898.46,899.97,895.6,897.75,3874.559
2026-01-05 10:00:00,897.74,905.6,897.74,903.62,7151.795
2026-01-05 11:00:00,903.62,909.0,902.52,908.89,7764.215
2026-01-05 12:00:00,908.89,908.91,903.85,906.21,5422.588
2026-01-05 13:00:00,906.22,907.1,901.17,903.77,5309.393
2026-01-05 14:00:00,903.78,906.95,900.49,904.51,5969.244
2026-01-05 15:00:00,904.52,907.5,901.11,906.46,7613.13
2026-01-05 16:00:00,906.46,907.44,903.44,904.97,5652.48
2026-01-05 17:00:00,904.97,907.28,901.31,906.75,5967.446
2026-01-05 18:00:00,906.74,908.68,903.67,908.45,4442.255
2026-01-05 19:00:00,908.46,914.0,906.96,911.12,6212.849
2026-01-05 20:00:00,911.12,916.55,910.79,912.23,7098.405
2026-01-05 21:00:00,912.23,913.37,908.96,912.17,4179.207
2026-01-05 22:00:00,912.17,914.65,911.64,913.07,2116.858
2026-01-05 23:00:00,913.07,913.23,910.3,910.31,2457.169
2026-01-06 00:00:00,910.31,911.63,904.83,908.87,5297.685
2026-01-06 01:00:00,908.87,911.35,906.21,907.03,3995.792
2026-01-06 02:00:00,907.03,908.25,904.89,905.1,3591.679
2026-01-06 03:00:00,905.11,908.93,905.1,908.14,2956.099
2026-01-06 04:00:00,908.15,910.11,906.66,907.81,4089.985
2026-01-06 05:00:00,907.8,908.09,903.79,905.64,4171.407
2026-01-06 06:00:00,905.65,910.0,904.83,907.84,4950.086
2026-01-06 07:00:00,907.84,907.88,902.96,904.71,6164.287
2026-01-06 08:00:00,904.71,908.37,904.52,907.58,3348.218
2026-01-06 09:00:00,907.58,914.08,907.57,912.76,6508.685
2026-01-06 10:00:00,912.76,914.92,911.02,911.69,2930.625
2026-01-06 11:00:00,911.68,914.41,911.03,913.13,2771.612
2026-01-06 12:00:00,913.13,913.69,911.54,912.92,2628.28
2026-01-06 13:00:00,912.92,914.82,912.3,914.14,3702.615
2026-01-06 14:00:00,914.15,922.79,914.14,920.52,27193.59
2026-01-06 15:00:00,920.53,923.93,915.85,919.1,19889.329
2026-01-06 16:00:00,919.1,920.68,905.11,908.04,14173.73
2026-01-06 17:00:00,908.03,909.29,892.33,893.93,16156.078
2026-01-06 18:00:00,893.93,902.99,891.66,900.93,6216.244
2026-01-06 19:00:00,900.93,902.76,900.34,901.2,2218.978
2026-01-06 20:00:00,901.19,907.11,901.03,905.58,3465.921
2026-01-06 21:00:00,905.58,915.13,904.44,912.46,9250.759
2026-01-06 22:00:00,912.45,915.29,911.55,913.38,6423.178
2026-01-06 23:00:00,913.38,919.78,913.37,917.64,4802.327
2026-01-07 00:00:00,917.64,919.25,908.55,908.86,5096.446
2026-01-07 01:00:00,908.86,911.41,905.28,906.86,6245.947
2026-01-07 02:00:00,906.85,912.27,904.58,911.54,4492.691
2026-01-07 03:00:00,911.54,913.0,909.67,909.84,3017.006
2026-01-07 04:00:00,909.85,911.22,909.07,910.54,2634.652
2026-01-07 05:00:00,910.54,915.08,910.14,912.65,3290.845
2026-01-07 06:00:00,912.65,917.0,912.39,914.14,5788.925
2026-01-07 07:00:00,914.14,918.99,914.13,918.82,7444.458
2026-01-07 08:00:00,918.81,920.27,915.5,917.53,14361.421
2026-01-07 09:00:00,917.52,918.12,909.0,910.18,15114.782
2026-01-07 10:00:00,910.18,912.0,908.2,910.78,19590.636
2026-01-07 11:00:00,910.78,912.75,909.6,910.44,7219.678
2026-01-07 12:00:00,910.44,910.99,905.11,905.14,5764.779
2026-01-07 13:00:00,905.15,907.61,902.57,904.31,6427.756
2026-01-07 14:00:00,904.3,905.3,898.18,903.72,11331.947
2026-01-07 15:00:00,903.72,903.89,895.11,899.43,8138.406
2026-01-07 16:00:00,899.44,901.68,897.51,898.67,4075.167
2026-01-07 17:00:00,898.67,901.95,896.56,897.74,3201.734
2026-01-07 18:00:00,897.74,899.75,895.33,896.75,2828.888
2026-01-07 19:00:00,896.74,898.53,892.64,897.12,3973.185
2026-01-07 20:00:00,897.12,898.07,894.01,896.03,1622.294
2026-01-07 21:00:00,896.01,898.52,895.7,897.83,1363.205
2026-01-07 22:00:00,897.83,900.46,896.34,897.98,1524.456
2026-01-07 23:00:00,897.98,901.05,895.33,900.3,4102.486
2026-01-08 00:00:00,900.31,902.57,897.01,902.14,4644.452
2026-01-08 01:00:00,902.14,905.0,900.95,901.34,2790.212
2026-01-08 02:00:00,901.34,902.2,893.68,895.64,4657.204
2026-01-08 03:00:00,895.64,898.43,892.38,893.61,3104.425
2026-01-08 04:00:00,893.62,896.65,891.45,894.56,3762.347
2026-01-08 05:00:00,894.56,897.68,894.23,894.45,3141.822
2026-01-08 06:00:00,894.44,895.0,880.41,880.42,19780.754
2026-01-08 07:00:00,880.42,885.77,875.1,885.02,15626.904
2026-01-08 08:00:00,885.02,887.71,882.84,883.48,5027.62
2026-01-08 09:00:00,883.49,885.5,881.12,882.39,4985.988
2026-01-08 10:00:00,882.39,887.61,879.28,886.8,6600.588
2026-01-08 11:00:00,886.81,887.89,883.9,886.77,5636.279
2026-01-08 12:00:00,886.77,886.9,882.21,884.15,7145.223
2026-01-08 13:00:00,884.15,886.26,883.45,885.08,3944.744
2026-01-08 14:00:00,885.08,885.38,877.7,883.9,9995.404
2026-01-08 15:00:00,883.88,889.24,882.02,888.92,5789.178
2026-01-08 16:00:00,888.92,890.28,885.69,890.15,5694.926
2026-01-08 17:00:00,890.15,891.52,887.88,891.52,4034.065
2026-01-08 18:00:00,891.51,891.71,887.45,888.62,3908.872
2026-01-08 19:00:00,888.62,890.51,887.14,888.32,2736.861
2026-01-08 20:00:00,888.32,891.21,885.32,890.71,4090.825
2026-01-08 21:00:00,890.71,892.33,889.64,892.22,3366.286
2026-01-08 22:00:00,892.23,894.14,890.32,892.14,2082.616
2026-01-08 23:00:00,892.15,894.63,891.94,892.26,1975.16
2026-01-09 00:00:00,892.27,894.25,891.94,894.21,1709.105
2026-01-09 01:00:00,894.22,896.17,887.91,890.43,5551.732
2026-01-09 02:00:00,890.44,893.96,890.14,891.92,3000.214
2026-01-09 03:00:00,891.92,896.56,891.41,895.8,3271.917
2026-01-09 04:00:00,895.81,896.72,894.65,895.83,2703.307
2026-01-09 05:00:00,895.83,898.25,895.74,898.25,2079.878
2026-01-09 06:00:00,898.25,899.0,895.58,896.67,1992.528
2026-01-09 07:00:00,896.67,896.67,893.66,893.66,2143.442
2026-01-09 08:00:00,893.67,894.5,886.2,889.85,5659.362
2026-01-09 09:00:00,889.85,891.72,888.05,888.41,4175.8
2026-01-09 10:00:00,888.4,890.5,887.78,890.24,1919.986
2026-01-09 11:00:00,890.24,891.85,889.49,889.64,2464.085
2026-01-09 12:00:00,889.63,890.4,888.0,889.33,2325.194
2026-01-09 13:00:00,889.33,894.06,887.94,890.52,6362.318
2026-01-09 14:00:00,890.52,890.54,886.05,887.52,5922.689
2026-01-09 15:00:00,887.52,900.22,885.28,894.77,10112.583
2026-01-09 16:00:00,894.77,901.06,894.72,899.06,5402.056
2026-01-09 17:00:00,899.06,899.79,895.43,898.9,3220.606
2026-01-09 18:00:00,898.9,899.77,891.6,895.54,3225.62
2026-01-09 19:00:00,895.54,895.55,890.94,893.34,2094.159
2026-01-09 20:00:00,893.33,896.0,892.7,893.18,1284.264
2026-01-09 21:00:00,893.18,896.36,891.94,896.33,1720.054
2026-01-09 22:00:00,896.34,897.08,894.52,896.55,1869.569
2026-01-09 23:00:00,896.55,898.25,896.25,896.86,1370.899
2026-01-10 00:00:00,896.87,899.73,896.81,897.88,1959.117
2026-01-10 01:00:00,897.89,900.08,897.68,899.4,1870.208
2026-01-10 02:00:00,899.4,901.28,899.01,900.06,3437.073
2026-01-10 03:00:00,900.06,908.0,898.92,907.31,13302.51
2026-01-10 04:00:00,907.31,908.64,903.05,906.29,5992.51
2026-01-10 05:00:00,906.29,910.22,905.21,907.36,5368.189
2026-01-10 06:00:00,907.37,909.53,905.78,906.22,4122.172
2026-01-10 07:00:00,906.23,908.65,905.22,905.37,3667.139
2026-01-10 08:00:00,905.38,906.43,902.66,903.8,4586.278
2026-01-10 09:00:00,903.79,903.92,898.98,900.95,7500.672
2026-01-10 10:00:00,900.96,903.09,900.25,902.68,4121.027
2026-01-10 11:00:00,902.68,902.68,900.46,900.47,3064.158
2026-01-10 12:00:00,900.47,900.76,899.39,899.64,4487.065
2026-01-10 13:00:00,899.64,903.17,899.13,902.75,3400.599
2026-01-10 14:00:00,902.75,905.93,901.51,905.02,4666.24
2026-01-10 15:00:00,905.02,910.82,904.28,908.78,9648.346
2026-01-10 16:00:00,908.79,909.66,906.89,909.4,8102.59
2026-01-10 17:00:00,909.4,910.55,907.55,908.04,5385.749
2026-01-10 18:00:00,908.04,913.34,908.04,912.14,5657.71
2026-01-10 19:00:00,912.15,915.86,911.45,913.93,6494.827
2026-01-10 20:00:00,913.94,915.91,909.27,909.48,5403.697
2026-01-10 21:00:00,909.48,909.84,903.34,904.49,6032.566
2026-01-10 22:00:00,904.49,904.94,902.23,903.5,4017.315
2026-01-10 23:00:00,903.51,908.09,903.44,907.93,2624.736
2026-01-11 00:00:00,907.93,909.3,905.22,906.25,2723.793
2026-01-11 01:00:00,906.25,908.41,904.3,908.05,2626.444
2026-01-11 02:00:00,908.06,911.05,907.87,910.44,4329.23
2026-01-11 03:00:00,910.43,914.11,908.95,913.2,4133.447
2026-01-11 04:00:00,913.21,915.0,911.5,913.1,4622.908
2026-01-11 05:00:00,913.11,914.67,910.75,913.38,5320.564
2026-01-11 06:00:00,913.39,914.4,910.69,913.87,2836.656
2026-01-11 07:00:00,913.87,916.3,912.36,913.55,5155.601
2026-01-11 08:00:00,913.55,917.33,912.8,916.81,4032.863
2026-01-11 09:00:00,916.82,917.06,912.02,913.33,6756.885
2026-01-11 10:00:00,913.33,913.51,911.77,912.75,3126.785
2026-01-11 11:00:00,912.75,913.46,911.62,912.05,1930.489
2026-01-11 12:00:00,912.06,914.41,912.06,913.41,2420.57
2026-01-11 13:00:00,913.42,914.0,911.91,913.87,3833.563
2026-01-11 14:00:00,913.87,915.38,910.52,911.26,7504.37
2026-01-11 15:00:00,911.26,911.69,906.29,908.64,10458.207
2026-01-11 16:00:00,908.64,911.17,907.57,907.74,6977.942
2026-01-11 17:00:00,907.75,908.92,906.18,907.32,2286.4
2026-01-11 18:00:00,907.33,907.6,905.2,906.22,3419.85
2026-01-11 19:00:00,906.23,906.79,903.5,904.45,2142.435
2026-01-11 20:00:00,904.45,904.59,900.58,902.28,3734.658
2026-01-11 21:00:00,902.29,905.31,900.02,904.8,2339.501
2026-01-11 22:00:00,904.81,904.81,901.28,902.68,2169.579
2026-01-11 23:00:00,902.69,904.65,898.75,904.32,3738.341
2026-01-12 00:00:00,904.32,906.13,896.85,901.85,6215.899
2026-01-12 01:00:00,901.85,905.48,900.43,903.29,4421.309
2026-01-12 02:00:00,903.29,909.78,901.9,908.99,9208.531
2026-01-12 03:00:00,908.98,910.81,905.08,905.27,9493.742
2026-01-12 04:00:00,905.28,910.21,905.08,909.49,4224.111
2026-01-12 05:00:00,909.49,909.94,906.99,907.94,3999.833
2026-01-12 06:00:00,907.95,909.31,906.57,907.34,3790.657
2026-01-12 07:00:00,907.34,908.5,903.97,904.81,4434.906
2026-01-12 08:00:00,904.82,908.3,899.44,903.24,7591.193
2026-01-12 09:00:00,903.24,903.69,900.37,900.76,4612.95
2026-01-12 10:00:00,900.77,902.0,898.67,899.06,3063.721
2026-01-12 11:00:00,899.06,902.0,898.26,901.28,2877.025
2026-01-12 12:00:00,901.27,903.71,900.24,901.93,3616.148
2026-01-12 13:00:00,901.94,902.0,898.35,900.12,4244.937
2026-01-12 14:00:00,900.12,902.06,894.0,899.86,8667.689
2026-01-12 15:00:00,899.86,905.22,898.97,904.28,5059.731
2026-01-12 16:00:00,904.28,908.2,904.27,905.67,5216.451
2026-01-12 17:00:00,905.67,907.03,900.0,904.51,3405.301
2026-01-12 18:00:00,904.51,907.98,904.3,907.78,2223.442
2026-01-12 19:00:00,907.78,909.11,905.36,907.79,2529.707
2026-01-12 20:00:00,907.78,908.31,905.09,905.22,1701.775
2026-01-12 21:00:00,905.21,906.28,901.22,902.59,2479.527
2026-01-12 22:00:00,902.59,907.0,902.59,905.8,2836.206
2026-01-12 23:00:00,905.81,907.43,904.05,905.78,2607.382
2026-01-13 00:00:00,905.79,907.86,904.3,906.31,4810.722
2026-01-13 01:00:00,906.31,907.37,902.35,903.35,3398.714
2026-01-13 02:00:00,903.35,905.87,902.25,904.8,4119.665
2026-01-13 03:00:00,904.8,906.84,903.42,906.36,2799.19
2026-01-13 04:00:00,906.36,909.47,906.35,909.42,4765.536
2026-01-13 05:00:00,909.41,911.98,908.74,909.13,7578.522
2026-01-13 06:00:00,909.13,912.24,908.0,911.75,4876.648
2026-01-13 07:00:00,911.75,914.98,910.04,910.05,14321.547
2026-01-13 08:00:00,910.05,912.08,908.34,910.48,22173.587
2026-01-13 09:00:00,910.48,912.2,908.29,909.14,28643.608
2026-01-13 10:00:00,909.14,910.67,907.93,908.9,36898.692
2026-01-13 11:00:00,908.91,909.5,907.52,907.68,6416.641
2026-01-13 12:00:00,907.69,909.87,906.18,909.37,5227.039
2026-01-13 13:00:00,909.36,913.2,908.22,909.73,9771.672
2026-01-13 14:00:00,909.74,914.0,908.27,910.49,9531.581
2026-01-13 15:00:00,910.48,916.6,908.6,916.47,11481.839
2026-01-13 16:00:00,916.47,923.44,916.38,919.95,19319.302
2026-01-13 17:00:00,919.96,922.14,916.99,920.58,6147.395
2026-01-13 18:00:00,920.57,939.59,920.17,939.5,35337.039
2026-01-13 19:00:00,939.5,945.55,938.7,941.5,17516.317
2026-01-13 20:00:00,941.5,945.87,940.0,943.3,7573.41
2026-01-13 21:00:00,943.3,943.97,940.85,941.79,4941.276
2026-01-13 22:00:00,941.8,952.96,940.43,946.2,34173.38
2026-01-13 23:00:00,946.2,948.7,941.3,943.73,10091.675
2026-01-14 00:00:00,943.73,950.24,943.64,947.8,10833.901
2026-01-14 01:00:00,947.79,951.7,946.42,947.53,6559.912
2026-01-14 02:00:00,947.53,954.68,947.29,948.23,15235.585
2026-01-14 03:00:00,948.23,950.57,945.91,950.13,7268.594
2026-01-14 04:00:00,950.14,952.2,943.04,944.31,11596.641
2026-01-14 05:00:00,944.31,944.31,939.89,940.51,6634.553
2026-01-14 06:00:00,940.52,940.52,934.67,938.7,10189.277
2026-01-14 07:00:00,938.7,940.36,935.4,937.45,4633.166
2026-01-14 08:00:00,937.45,938.61,935.0,936.17,3878.186
2026-01-14 09:00:00,936.16,938.92,936.06,937.71,4188.856
2026-01-14 10:00:00,937.71,938.76,934.53,936.01,6145.979
2026-01-14 11:00:00,936.01,936.15,928.5,928.79,10587.881
2026-01-14 12:00:00,928.78,935.37,928.53,934.33,6792.464
2026-01-14 13:00:00,934.32,935.34,931.12,932.4,4452.143
2026-01-14 14:00:00,932.41,943.81,932.31,941.68,10721.365
2026-01-14 15:00:00,941.68,946.24,938.5,942.03,13960.396
2026-01-14 16:00:00,942.03,947.54,942.03,943.98,9067.217
2026-01-14 17:00:00,943.97,946.41,940.1,942.37,9190.25
2026-01-14 18:00:00,942.37,944.9,938.25,943.18,6428.815
2026-01-14 19:00:00,943.18,947.57,942.36,943.78,6206.307
2026-01-14 20:00:00,943.79,947.91,943.26,944.56,4127.336
2026-01-14 21:00:00,944.56,946.68,943.2,945.69,2134.247
2026-01-14 22:00:00,945.68,948.6,943.59,945.21,5675.95
2026-01-14 23:00:00,945.21,949.85,945.21,948.47,6699.677
2026-01-15 00:00:00,948.48,948.85,939.76,940.86,6766.301
2026-01-15 01:00:00,940.87,942.75,934.54,936.87,10810.544
2026-01-15 02:00:00,936.87,938.82,932.12,934.04,8471.196
2026-01-15 03:00:00,934.05,935.27,929.05,931.89,9631.003
2026-01-15 04:00:00,931.9,937.12,931.41,936.0,5557.848
2026-01-15 05:00:00,935.99,938.15,935.6,936.29,3590.517
2026-01-15 06:00:00,936.28,937.38,933.68,933.7,4147.965
2026-01-15 07:00:00,933.7,940.09,933.63,939.14,4383.446
2026-01-15 08:00:00,939.13,942.81,938.12,942.69,5079.708
2026-01-15 09:00:00,942.69,942.96,939.51,941.08,4263.903
2026-01-15 10:00:00,941.07,941.51,939.11,939.16,2916.68
2026-01-15 11:00:00,939.16,940.7,937.66,938.09,1997.463
2026-01-15 12:00:00,938.1,941.28,937.24,940.7,3007.144
2026-01-15 13:00:00,940.7,944.88,940.0,943.24,3932.83
2026-01-15 14:00:00,943.24,945.71,933.51,938.58,11562.518
2026-01-15 15:00:00,938.57,940.0,930.23,937.64,11600.416
2026-01-15 16:00:00,937.63,940.67,934.64,940.17,4451.631
2026-01-15 17:00:00,940.17,942.62,937.28,938.12,3715.061
2026-01-15 18:00:00,938.13,938.43,931.02,931.75,4780.267
2026-01-15 19:00:00,931.74,931.74,925.01,928.07,9842.176
2026-01-15 20:00:00,928.07,929.0,924.05,925.44,3851.478
2026-01-15 21:00:00,925.45,930.6,925.11,929.74,2649.604
2026-01-15 22:00:00,929.73,933.55,929.32,931.97,2275.078
2026-01-15 23:00:00,931.98,932.69,929.69,931.2,1916.691
2026-01-16 00:00:00,931.21,933.98,929.78,933.18,3057.528
2026-01-16 01:00:00,933.18,933.42,929.22,932.62,2555.225
2026-01-16 02:00:00,932.63,933.17,929.23,931.91,1961.653
2026-01-16 03:00:00,931.91,932.75,929.52,929.59,1944.149
2026-01-16 04:00:00,929.6,931.27,927.16,928.58,4453.596
2026-01-16 05:00:00,928.59,934.04,927.69,933.56,4197.831
2026-01-16 06:00:00,933.57,935.94,932.46,935.94,3189.303
2026-01-16 07:00:00,935.95,936.13,932.6,934.04,4158.711
2026-01-16 08:00:00,934.05,938.56,934.05,937.16,4177.787
2026-01-16 09:00:00,937.17,937.74,934.81,935.43,3149.143
2026-01-16 10:00:00,935.42,935.88,933.2,933.77,2163.194
2026-01-16 11:00:00,933.77,935.6,931.99,935.38,3348.427
2026-01-16 12:00:00,935.38,937.46,934.27,934.76,2556.208
2026-01-16 13:00:00,934.76,935.11,931.53,934.7,3819.231
2026-01-16 14:00:00,934.7,935.96,930.44,930.79,4637.277
2026-01-16 15:00:00,930.79,933.78,923.69,926.97,9873.95
2026-01-16 16:00:00,926.97,931.0,926.53,930.01,3717.801
2026-01-16 17:00:00,930.01,931.69,927.28,931.35,2991.349
2026-01-16 18:00:00,931.35,932.36,930.58,931.39,1723.288
2026-01-16 19:00:00,931.39,932.1,929.4,931.36,1027.435
2026-01-16 20:00:00,931.36,934.49,928.71,934.46,1800.653
2026-01-16 21:00:00,934.45,935.9,933.12,935.25,1212.25
2026-01-16 22:00:00,935.25,938.3,933.77,937.86,2387.063
2026-01-16 23:00:00,937.86,939.43,937.18,938.16,3367.331
2026-01-17 00:00:00,938.17,938.65,935.72,936.07,2034.616
2026-01-17 01:00:00,936.07,940.03,935.72,938.47,4287.289
2026-01-17 02:00:00,938.48,938.56,935.54,937.63,1445.557
2026-01-17 03:00:00,937.63,937.78,936.0,937.65,1616.35
2026-01-17 04:00:00,937.65,938.39,936.13,938.04,2444.47
2026-01-17 05:00:00,938.04,939.08,936.8,938.4,1576.116
2026-01-17 06:00:00,938.4,938.4,936.25,937.27,1639.073
2026-01-17 07:00:00,937.26,937.51,935.5,935.9,2732.959
2026-01-17 08:00:00,935.9,938.34,935.65,938.21,2107.373
2026-01-17 09:00:00,938.22,942.38,937.12,942.15,3364.016
2026-01-17 10:00:00,942.15,943.48,941.0,941.51,3800.091
2026-01-17 11:00:00,941.51,944.51,940.08,942.93,3584.271
2026-01-17 12:00:00,942.92,944.44,942.37,942.4,2033.134
2026-01-17 13:00:00,942.41,943.56,941.43,943.56,1467.435
2026-01-17 14:00:00,943.56,944.24,941.59,943.65,2366.22
2026-01-17 15:00:00,943.64,959.52,942.64,955.37,22779.787
2026-01-17 16:00:00,955.37,956.0,949.1,950.52,8338.42
2026-01-17 17:00:00,950.52,953.88,949.98,952.6,3434.184
2026-01-17 18:00:00,952.6,953.81,951.58,953.12,1867.525
2026-01-17 19:00:00,953.11,953.67,951.64,952.5,2178.75
2026-01-17 20:00:00,952.5,953.24,950.0,952.05,2071.681
2026-01-17 21:00:00,952.05,954.0,951.19,951.7,1303.102
2026-01-17 22:00:00,951.69,952.75,945.37,946.68,4728.467
2026-01-17 23:00:00,946.69,948.73,946.36,947.12,2986.445
2026-01-18 00:00:00,947.11,950.42,945.53,945.58,3602.53
2026-01-18 01:00:00,945.59,946.17,943.14,945.04,2852.737
2026-01-18 02:00:00,945.04,947.57,944.75,946.38,2076.17
2026-01-18 03:00:00,946.38,951.13,946.35,950.4,4371.061
2026-01-18 04:00:00,950.41,950.41,947.84,948.63,1462.591
2026-01-18 05:00:00,948.63,949.46,947.22,947.53,1606.956
2026-01-18 06:00:00,947.53,948.13,946.03,947.05,2610.422
2026-01-18 07:00:00,947.05,947.96,944.73,944.74,2821.211
2026-01-18 08:00:00,944.73,947.2,943.81,946.18,3436.83
2026-01-18 09:00:00,946.18,947.38,945.34,945.69,2702.624
2026-01-18 10:00:00,945.69,945.75,943.95,944.7,1923.718
2026-01-18 11:00:00,944.7,947.34,944.1,946.79,2158.199
2026-01-18 12:00:00,946.8,948.5,945.8,948.12,2979.295
2026-01-18 13:00:00,948.12,948.44,945.45,946.98,3307.576
2026-01-18 14:00:00,946.98,948.97,945.07,945.37,3153.461
2026-01-18 15:00:00,945.37,950.75,944.44,950.13,4862.021
2026-01-18 16:00:00,950.14,951.08,948.68,950.5,2353.931
2026-01-18 17:00:00,950.51,952.01,948.95,951.68,2149.097
2026-01-18 18:00:00,951.68,953.33,950.36,951.67,3014.395
2026-01-18 19:00:00,951.67,952.39,949.02,949.7,1347.776
2026-01-18 20:00:00,949.7,953.24,949.2,952.39,1939.764
2026-01-18 21:00:00,952.38,952.5,950.61,951.33,997.587
2026-01-18 22:00:00,951.32,951.78,950.0,951.16,1435.141
2026-01-18 23:00:00,951.16,951.16,931.7,932.51,17683.157
2026-01-19 00:00:00,932.51,932.51,901.0,918.88,65922.388
2026-01-19 01:00:00,918.88,922.1,916.39,919.86,11528.834
2026-01-19 02:00:00,919.87,922.17,917.44,921.0,8473.821
2026-01-19 03:00:00,921.0,925.62,920.68,925.18,6755.089
2026-01-19 04:00:00,925.17,927.58,922.89,926.38,5656.234
2026-01-19 05:00:00,926.38,927.84,923.03,925.0,6113.207
2026-01-19 06:00:00,925.0,926.23,923.0,925.19,5140.736
2026-01-19 07:00:00,925.19,927.87,923.44,927.29,5296.59
2026-01-19 08:00:00,927.29,928.86,925.15,926.94,6733.514
2026-01-19 09:00:00,926.93,928.4,924.49,928.35,5087.469
2026-01-19 10:00:00,928.35,929.8,926.39,926.76,4698.947
2026-01-19 11:00:00,926.77,928.98,925.61,928.23,6499.023
2026-01-19 12:00:00,928.23,928.45,925.33,927.91,11673.157
2026-01-19 13:00:00,927.91,930.0,925.75,928.99,15240.262
2026-01-19 14:00:00,928.99,929.53,923.12,924.18,21205.776
2026-01-19 15:00:00,924.19,926.3,923.67,925.21,4418.594
2026-01-19 16:00:00,925.22,928.88,924.86,928.56,3878.031
2026-01-19 17:00:00,928.57,928.57,926.63,927.63,1957.204
2026-01-19 18:00:00,927.64,927.7,925.25,927.09,1718.564
2026-01-19 19:00:00,927.09,929.03,926.29,926.56,1490.161
2026-01-19 20:00:00,926.56,927.6,925.33,926.25,2336.847
2026-01-19 21:00:00,926.26,927.26,924.72,924.97,1291.793
2026-01-19 22:00:00,924.98,926.45,921.5,921.61,2863.794
2026-01-19 23:00:00,921.61,925.48,919.32,923.6,3460.525
2026-01-20 00:00:00,923.6,931.0,923.5,929.37,8685.578
2026-01-20 01:00:00,929.38,933.13,928.0,932.38,4510.771
2026-01-20 02:00:00,932.38,932.5,926.95,928.37,4264.728
2026-01-20 03:00:00,928.37,929.28,926.66,927.63,3416.014
2026-01-20 04:00:00,927.63,928.62,926.16,926.67,2800.213
2026-01-20 05:00:00,926.66,926.67,919.7,922.22,19164.509
2026-01-20 06:00:00,922.22,922.27,914.27,915.32,9406.536
2026-01-20 07:00:00,915.33,919.49,914.62,917.77,4371.957
2026-01-20 08:00:00,917.77,917.89,908.66,914.32,9570.921
2026-01-20 09:00:00,914.32,914.45,912.62,913.08,3405.309
2026-01-20 10:00:00,913.08,915.8,912.49,914.46,3328.969
2026-01-20 11:00:00,914.46,915.35,912.0,912.68,2929.369
2026-01-20 12:00:00,912.69,915.99,912.41,913.84,2362.615
2026-01-20 13:00:00,913.83,913.95,905.8,906.16,6944.248
2026-01-20 14:00:00,906.17,911.03,902.0,903.41,13267.732
2026-01-20 15:00:00,903.42,905.56,896.66,905.33,14311.223
2026-01-20 16:00:00,905.33,908.5,896.54,896.7,6555.449
2026-01-20 17:00:00,896.7,900.0,887.24,890.39,10552.522
2026-01-20 18:00:00,890.38,894.98,890.24,892.03,5123.273
2026-01-20 19:00:00,892.04,896.47,891.6,895.7,3293.833
2026-01-20 20:00:00,895.7,898.0,894.2,895.98,1859.622
2026-01-20 21:00:00,895.97,896.67,893.71,894.68,923.449
2026-01-20 22:00:00,894.68,897.22,885.21,891.12,11378.365
2026-01-20 23:00:00,891.13,891.22,884.0,884.2,11333.024
2026-01-21 00:00:00,884.19,884.2,867.0,881.01,26794.628
2026-01-21 01:00:00,881.01,883.81,878.46,879.66,7226.44
2026-01-21 02:00:00,879.66,882.0,876.66,877.21,4595.379
2026-01-21 03:00:00,877.2,882.13,875.4,881.44,4597.651
2026-01-21 04:00:00,881.44,882.78,879.32,879.68,3058.705
2026-01-21 05:00:00,879.67,885.92,879.0,884.07,5750.75
2026-01-21 06:00:00,884.08,884.74,877.82,878.31,5192.439
2026-01-21 07:00:00,878.31,879.79,874.36,875.36,5893.216
2026-01-21 08:00:00,875.36,875.36,870.0,873.0,15102.474
2026-01-21 09:00:00,872.99,875.56,872.21,872.81,6138.617
2026-01-21 10:00:00,872.8,876.2,872.25,873.47,4647.368
2026-01-21 11:00:00,873.47,875.1,870.01,870.78,5418.243
2026-01-21 12:00:00,870.77,871.7,864.54,871.54,11016.581
2026-01-21 13:00:00,871.55,876.0,871.29,874.09,4382.518
2026-01-21 14:00:00,874.08,884.64,873.46,883.96,13681.957
2026-01-21 15:00:00,883.96,893.69,883.66,892.66,14169.211
2026-01-21 16:00:00,892.67,892.94,867.66,868.0,18072.4
2026-01-21 17:00:00,868.0,874.39,865.75,869.73,11947.989
2026-01-21 18:00:00,869.73,875.52,867.36,873.49,5053.851
2026-01-21 19:00:00,873.49,889.92,871.44,889.83,8522.769
2026-01-21 20:00:00,889.83,890.13,882.28,888.46,7840.105
2026-01-21 21:00:00,888.47,890.79,887.15,889.45,3942.594
2026-01-21 22:00:00,889.45,892.45,886.34,887.74,4131.932
2026-01-21 23:00:00,887.74,890.47,882.25,883.36,4440.404
2026-01-22 00:00:00,883.35,890.57,883.35,889.33,3808.797
2026-01-22 01:00:00,889.33,892.62,888.83,892.18,3722.6
2026-01-22 02:00:00,892.18,894.28,889.41,889.61,4283.085
2026-01-22 03:00:00,889.6,892.67,888.89,891.43,4260.826
2026-01-22 04:00:00,891.42,893.0,890.91,892.11,3415.397
2026-01-22 05:00:00,892.11,893.05,890.08,891.28,1791.313
2026-01-22 06:00:00,891.28,893.05,889.35,890.81,2514.22
2026-01-22 07:00:00,890.82,891.12,887.79,888.83,2859.457
2026-01-22 08:00:00,888.82,892.39,888.69,891.88,3189.702
2026-01-22 09:00:00,891.88,896.46,891.45,895.33,4734.601
2026-01-22 10:00:00,895.33,897.58,894.82,896.4,7780.747
2026-01-22 11:00:00,896.41,897.04,892.12,892.93,9008.257
2026-01-22 12:00:00,892.93,894.03,892.11,892.58,3941.037
2026-01-22 13:00:00,892.58,895.04,886.44,888.21,5793.383
2026-01-22 14:00:00,888.21,888.82,881.23,883.07,8395.518
2026-01-22 15:00:00,883.07,887.07,878.18,883.03,7518.525
2026-01-22 16:00:00,883.03,887.76,881.81,885.09,4410.951
2026-01-22 17:00:00,885.09,888.43,883.45,887.91,2417.615
2026-01-22 18:00:00,887.91,888.53,883.85,884.2,2084.687
2026-01-22 19:00:00,884.2,888.95,883.04,888.35,1940.815
2026-01-22 20:00:00,888.34,889.67,886.34,887.48,2563.796
2026-01-22 21:00:00,887.48,890.0,887.01,888.15,1258.294
2026-01-22 22:00:00,888.15,892.0,886.29,887.55,5633.742
2026-01-22 23:00:00,887.55,888.2,885.34,888.06,1459.107
2026-01-23 00:00:00,888.06,890.39,887.63,889.52,2384.084
2026-01-23 01:00:00,889.54,892.0,889.02,891.99,2622.795
2026-01-23 02:00:00,892.0,892.37,888.45,888.85,4541.74
2026-01-23 03:00:00,888.85,892.31,888.7,891.55,3992.886
2026-01-23 04:00:00,891.56,893.42,891.0,892.08,2429.516
2026-01-23 05:00:00,892.09,892.1,889.38,891.31,2127.88
2026-01-23 06:00:00,891.31,892.89,889.15,890.4,1900.917
2026-01-23 07:00:00,890.41,892.38,890.21,891.32,2324.749
2026-01-23 08:00:00,891.33,891.76,888.05,888.77,5690.091
2026-01-23 09:00:00,888.76,890.34,886.82,887.36,4211.613
2026-01-23 10:00:00,887.37,889.51,885.69,888.61,4609.833
2026-01-23 11:00:00,888.61,890.05,886.93,887.36,3179.22
2026-01-23 12:00:00,887.35,888.26,886.39,887.44,2355.609
2026-01-23 13:00:00,887.44,888.65,886.24,887.94,2206.05
2026-01-23 14:00:00,887.94,891.0,883.1,886.96,7443.848
2026-01-23 15:00:00,886.96,892.43,883.89,892.0,5793.025
2026-01-23 16:00:00,892.01,898.75,891.89,895.96,8220.721
2026-01-23 17:00:00,895.96,904.99,894.31,899.25,7226.163
2026-01-23 18:00:00,899.25,903.03,898.33,899.93,3901.824
2026-01-23 19:00:00,899.92,899.99,889.98,893.72,10640.831
2026-01-23 20:00:00,893.72,894.91,888.49,890.86,3660.989
2026-01-23 21:00:00,890.86,892.44,889.86,889.94,1467.266
2026-01-23 22:00:00,889.95,893.16,889.82,892.79,1776.085
2026-01-23 23:00:00,892.79,892.79,890.53,891.63,1427.875
2026-01-24 00:00:00,891.62,892.32,889.33,889.84,3697.415
2026-01-24 01:00:00,889.85,890.76,889.35,890.35,3410.025
2026-01-24 02:00:00,890.35,893.32,890.18,892.68,1991.422
2026-01-24 03:00:00,892.68,894.24,891.8,892.9,2070.585
2026-01-24 04:00:00,892.9,894.16,892.18,892.76,1342.987
2026-01-24 05:00:00,892.76,893.62,892.44,892.88,1658.233
2026-01-24 06:00:00,892.89,893.45,892.04,892.24,1224.34
2026-01-24 07:00:00,892.25,893.01,891.46,892.06,3151.496
2026-01-24 08:00:00,892.06,892.5,891.2,892.33,2412.515
2026-01-24 09:00:00,892.33,892.59,891.73,892.18,1212.337
2026-01-24 10:00:00,892.18,892.76,891.52,892.06,1981.127
2026-01-24 11:00:00,892.06,893.98,892.05,892.57,1870.509
2026-01-24 12:00:00,892.58,892.68,891.73,892.14,2007.738
2026-01-24 13:00:00,892.14,892.4,890.75,890.76,1674.303
2026-01-24 14:00:00,890.76,892.88,890.6,891.52,2615.6
2026-01-24 15:00:00,891.52,892.55,888.69,888.7,6799.05
2026-01-24 16:00:00,888.7,888.7,886.53,887.7,4733.079
2026-01-24 17:00:00,887.71,889.64,887.32,889.33,1369.362
2026-01-24 18:00:00,889.34,890.34,888.75,888.92,1486.918
2026-01-24 19:00:00,888.92,888.96,888.0,888.12,1071.382
2026-01-24 20:00:00,888.13,888.85,887.42,887.82,680.197
2026-01-24 21:00:00,887.83,888.64,887.21,888.64,615.067
2026-01-24 22:00:00,888.64,889.79,888.06,888.78,1157.505
2026-01-24 23:00:00,888.78,889.21,887.01,887.17,1039.371
2026-01-25 00:00:00,887.18,887.75,885.47,885.94,2213.106
2026-01-25 01:00:00,885.93,886.29,883.75,884.63,3262.444
2026-01-25 02:00:00,884.64,885.12,883.64,883.88,3728.013
2026-01-25 03:00:00,883.88,884.42,880.1,881.24,3349.333
2026-01-25 04:00:00,881.24,883.67,881.0,882.27,2073.685
2026-01-25 05:00:00,882.27,882.91,880.48,882.12,2639.982
2026-01-25 06:00:00,882.13,882.47,879.77,881.8,3098.854
2026-01-25 07:00:00,881.8,881.8,879.32,879.4,2354.996
2026-01-25 08:00:00,879.4,881.86,877.14,878.36,4297.914
2026-01-25 09:00:00,878.36,882.22,878.05,881.18,3679.124
2026-01-25 10:00:00,881.18,883.25,880.4,882.15,4464.815
2026-01-25 11:00:00,882.16,882.83,879.78,880.52,1749.554
2026-01-25 12:00:00,880.51,881.06,879.41,881.02,2292.0
2026-01-25 13:00:00,881.02,881.49,878.72,880.51,2500.614
2026-01-25 14:00:00,880.51,880.86,876.87,878.82,4144.363
2026-01-25 15:00:00,878.82,880.0,876.77,877.55,1474.113
2026-01-25 16:00:00,877.55,877.69,868.0,870.64,17991.92
2026-01-25 17:00:00,870.65,871.16,867.36,869.47,3556.109
2026-01-25 18:00:00,869.47,870.02,862.0,866.54,12682.987
2026-01-25 19:00:00,866.54,867.51,856.0,858.86,15882.604
2026-01-25 20:00:00,858.86,861.54,856.01,860.84,7987.364
2026-01-25 21:00:00,860.84,864.85,860.06,863.94,5107.901
2026-01-25 22:00:00,863.94,864.08,859.8,861.99,5224.393
2026-01-25 23:00:00,861.99,866.66,859.19,866.02,5024.038
2026-01-26 00:00:00,866.02,869.7,864.91,867.48,7377.95
2026-01-26 01:00:00,867.48,875.98,867.34,874.12,9285.648
2026-01-26 02:00:00,874.12,874.99,870.39,871.69,6388.824
2026-01-26 03:00:00,871.69,872.81,867.0,868.21,3801.684
2026-01-26 04:00:00,868.2,873.8,868.0,872.21,2593.144
2026-01-26 05:00:00,872.21,872.89,871.15,871.93,1469.008
2026-01-26 06:00:00,871.93,873.7,870.24,872.93,2467.03
2026-01-26 07:00:00,872.94,874.68,871.2,874.64,2896.864
2026-01-26 08:00:00,874.63,877.83,872.95,873.36,6404.782
2026-01-26 09:00:00,873.36,873.4,869.4,870.15,4421.436
2026-01-26 10:00:00,870.15,872.86,870.15,872.21,2487.943
2026-01-26 11:00:00,872.22,873.28,871.42,873.12,2238.637
2026-01-26 12:00:00,873.12,875.67,871.6,872.64,4263.747
2026-01-26 13:00:00,872.64,874.63,872.08,874.45,3254.796
2026-01-26 14:00:00,874.45,876.67,869.63,874.32,8414.977
2026-01-26 15:00:00,874.33,878.34,869.63,871.93,7879.728
2026-01-26 16:00:00,871.94,875.06,869.85,873.04,4782.546
2026-01-26 17:00:00,873.04,874.7,868.68,873.96,5721.877
2026-01-26 18:00:00,873.96,879.13,873.53,878.07,4559.964
2026-01-26 19:00:00,878.07,878.72,874.1,874.4,2136.019
2026-01-26 20:00:00,874.4,875.47,871.66,872.78,1858.596
2026-01-26 21:00:00,872.78,879.0,872.23,876.61,2189.109
2026-01-26 22:00:00,876.61,879.65,876.19,878.01,3394.603
2026-01-26 23:00:00,878.01,881.44,876.73,879.41,2411.792
2026-01-27 00:00:00,879.41,879.57,876.53,877.68,2083.836
2026-01-27 01:00:00,877.67,881.76,876.2,881.32,3617.441
2026-01-27 02:00:00,881.31,885.42,881.18,885.09,8816.74
2026-01-27 03:00:00,885.09,886.08,884.22,884.92,5570.304
2026-01-27 04:00:00,884.91,888.25,884.48,885.32,7088.721
2026-01-27 05:00:00,885.32,885.54,882.14,884.65,4078.162
2026-01-27 06:00:00,884.66,885.53,882.35,883.37,4913.076
2026-01-27 07:00:00,883.38,885.61,883.2,883.54,6620.805
2026-01-27 08:00:00,883.54,885.11,883.26,884.59,5032.811
2026-01-27 09:00:00,884.58,884.58,881.36,881.36,5943.826
2026-01-27 10:00:00,881.37,882.0,877.17,877.45,7311.81
2026-01-27 11:00:00,877.46,880.55,876.88,880.43,5013.562
2026-01-27 12:00:00,880.44,881.95,880.31,880.77,4019.818
2026-01-27 13:00:00,880.78,883.14,879.31,882.3,4875.293
2026-01-27 14:00:00,882.31,885.29,880.6,881.79,10237.14
2026-01-27 15:00:00,881.8,886.27,881.1,885.73,7877.238
2026-01-27 16:00:00,885.73,896.71,885.73,894.95,16479.844
2026-01-27 17:00:00,894.96,897.72,884.9,887.1,8518.398
2026-01-27 18:00:00,887.11,894.65,886.41,892.44,3938.413
2026-01-27 19:00:00,892.45,893.65,889.98,891.88,3196.641
2026-01-27 20:00:00,891.89,898.88,891.59,898.61,3432.296
2026-01-27 21:00:00,898.61,899.28,895.0,895.73,2982.282
2026-01-27 22:00:00,895.73,899.98,895.72,899.16,3038.557
2026-01-27 23:00:00,899.17,901.22,897.99,898.36,3842.625
2026-01-28 00:00:00,898.35,900.99,897.77,900.03,2638.543
2026-01-28 01:00:00,900.04,900.93,895.22,896.48,6341.767
2026-01-28 02:00:00,896.47,896.93,894.41,896.93,2747.457
2026-01-28 03:00:00,896.92,897.69,894.81,896.84,4348.976
2026-01-28 04:00:00,896.84,899.19,895.34,898.89,4464.936
2026-01-28 05:00:00,898.89,901.0,897.99,900.84,5390.382
2026-01-28 06:00:00,900.85,904.72,899.7,903.65,4149.121
2026-01-28 07:00:00,903.66,904.18,901.93,903.34,4708.713
2026-01-28 08:00:00,903.34,905.94,902.27,902.49,5116.766
2026-01-28 09:00:00,902.49,908.67,902.49,908.55,8566.163
2026-01-28 10:00:00,908.55,909.43,905.26,905.54,3579.259
2026-01-28 11:00:00,905.54,908.0,902.98,907.69,3558.654
2026-01-28 12:00:00,907.68,907.76,903.97,905.27,4894.129
2026-01-28 13:00:00,905.27,908.31,905.22,906.04,3018.813
2026-01-28 14:00:00,906.03,906.05,900.82,901.99,8427.384
2026-01-28 15:00:00,901.99,904.0,897.18,902.92,7719.054
2026-01-28 16:00:00,902.91,903.83,897.83,900.0,7981.575
2026-01-28 17:00:00,900.0,907.06,898.32,904.48,6089.864
2026-01-28 18:00:00,904.48,904.65,900.42,902.52,3974.117
2026-01-28 19:00:00,902.51,905.26,900.16,904.0,4104.581
2026-01-28 20:00:00,904.01,907.71,902.32,902.75,2718.541
2026-01-28 21:00:00,902.75,904.7,899.68,904.32,2875.029
2026-01-28 22:00:00,904.32,905.33,902.61,904.35,1447.57
2026-01-28 23:00:00,904.34,905.28,901.69,902.91,1411.846
2026-01-29 00:00:00,902.92,904.24,900.37,903.56,2551.998
2026-01-29 01:00:00,903.57,904.98,898.78,899.54,3748.038
2026-01-29 02:00:00,899.54,901.24,893.2,894.67,6670.947
2026-01-29 03:00:00,894.67,898.97,893.87,896.54,4943.888
2026-01-29 04:00:00,896.55,901.42,895.2,900.52,5187.099
2026-01-29 05:00:00,900.53,902.65,898.0,898.55,7454.507
2026-01-29 06:00:00,898.55,901.47,898.55,901.41,2734.128
2026-01-29 07:00:00,901.41,906.67,901.4,904.8,12770.36
2026-01-29 08:00:00,904.8,905.41,902.09,903.78,16318.01
2026-01-29 09:00:00,903.78,905.8,902.66,903.86,22386.502
2026-01-29 10:00:00,903.86,904.59,894.93,895.0,31077.48
2026-01-29 11:00:00,895.0,896.5,893.23,894.28,5912.498
2026-01-29 12:00:00,894.28,894.43,889.88,891.17,7093.585
2026-01-29 13:00:00,891.17,892.42,889.89,890.18,4107.488
2026-01-29 14:00:00,890.18,891.35,877.69,877.76,15714.1
2026-01-29 15:00:00,877.76,878.07,856.9,864.15,37858.809
2026-01-29 16:00:00,864.15,865.87,856.82,865.55,19717.543
2026-01-29 17:00:00,865.55,870.36,862.72,863.47,11643.858
2026-01-29 18:00:00,863.47,867.73,856.5,858.26,13311.979
2026-01-29 19:00:00,858.26,862.84,852.81,860.4,15962.679
2026-01-29 20:00:00,860.4,865.62,859.61,864.51,4843.15
2026-01-29 21:00:00,864.51,867.28,862.95,865.47,9325.444
2026-01-29 22:00:00,865.47,867.35,863.11,867.35,5095.895
2026-01-29 23:00:00,867.35,869.48,865.21,868.69,3798.701
2026-01-30 00:00:00,868.69,869.77,864.24,865.49,5639.545
2026-01-30 01:00:00,865.49,865.55,837.65,847.84,57514.467
2026-01-30 02:00:00,847.84,847.84,835.55,842.5,22140.437
2026-01-30 03:00:00,842.5,846.77,842.31,845.7,8659.588
2026-01-30 04:00:00,845.69,854.36,845.6,850.42,10033.31
2026-01-30 05:00:00,850.42,851.66,847.36,847.39,5189.196
2026-01-30 06:00:00,847.4,847.45,836.14,840.23,8851.792
2026-01-30 07:00:00,840.23,848.45,840.23,847.55,7863.779
2026-01-30 08:00:00,847.56,848.05,840.25,841.94,6984.896
2026-01-30 09:00:00,841.95,843.5,833.08,834.56,10749.656
2026-01-30 10:00:00,834.56,839.0,833.32,838.95,5711.049
2026-01-30 11:00:00,838.94,845.0,837.0,842.79,8062.028
2026-01-30 12:00:00,842.79,843.36,836.45,838.01,8130.926
2026-01-30 13:00:00,838.01,852.09,837.73,845.34,26285.171
2026-01-30 14:00:00,845.33,855.87,845.33,850.57,9659.103
2026-01-30 15:00:00,850.58,855.56,845.15,850.11,12439.257
2026-01-30 16:00:00,850.1,854.34,848.0,850.85,8934.981
2026-01-30 17:00:00,850.85,853.0,847.5,848.61,8161.14
2026-01-30 18:00:00,848.61,852.16,831.83,850.34,24301.109
2026-01-30 19:00:00,850.35,855.9,850.34,854.24,8398.682
2026-01-30 20:00:00,854.24,862.09,846.38,859.54,18545.674
2026-01-30 21:00:00,859.55,860.04,853.59,858.96,6161.766
2026-01-30 22:00:00,858.96,860.3,856.92,860.06,2933.349
2026-01-30 23:00:00,860.07,861.58,856.4,858.81,4600.453
2026-01-31 00:00:00,858.81,860.85,856.47,856.68,4093.056
2026-01-31 01:00:00,856.67,858.84,853.89,854.46,7182.321
2026-01-31 02:00:00,854.47,855.48,851.93,854.49,2381.277
2026-01-31 03:00:00,854.5,856.38,852.68,853.22,2476.95
2026-01-31 04:00:00,853.22,854.6,851.23,851.76,2231.892
2026-01-31 05:00:00,851.77,853.46,850.39,851.18,4694.772
2026-01-31 06:00:00,851.18,852.38,849.0,851.23,3725.891
2026-01-31 07:00:00,851.23,851.44,845.89,847.75,8453.551
2026-01-31 08:00:00,847.75,847.75,833.0,836.19,17901.617
2026-01-31 09:00:00,836.19,841.5,835.8,839.03,4203.813
2026-01-31 10:00:00,839.04,840.48,836.78,838.97,2859.083
2026-01-31 11:00:00,838.98,838.98,835.78,836.85,6190.979
2026-01-31 12:00:00,836.85,837.65,833.05,833.72,6063.306
2026-01-31 13:00:00,833.72,834.3,828.75,830.14,9464.508
2026-01-31 14:00:00,830.15,831.92,805.0,812.18,65897.476
2026-01-31 15:00:00,812.18,816.8,801.66,803.1,21793.15
2026-01-31 16:00:00,803.1,810.21,790.11,793.23,46178.529
2026-01-31 17:00:00,793.24,796.0,774.0,781.35,56493.899
2026-01-31 18:00:00,781.35,783.89,750.0,772.35,73859.463
2026-01-31 19:00:00,772.35,781.31,767.64,771.0,19300.587
2026-01-31 20:00:00,771.05,775.84,766.14,770.64,10807.451
2026-01-31 21:00:00,770.63,777.64,766.6,776.19,13224.468
2026-01-31 22:00:00,776.2,778.3,771.94,774.36,6069.014
2026-01-31 23:00:00,774.36,785.94,773.31,781.38,11759.098
2026-02-01 00:00:00,781.39,786.6,779.68,785.29,8194.051
2026-02-01 01:00:00,785.29,785.83,779.22,784.99,6446.933
2026-02-01 02:00:00,785.0,789.72,783.86,786.99,8327.181
2026-02-01 03:00:00,787.0,787.34,779.8,783.63,10472.66
2026-02-01 04:00:00,783.64,785.0,781.71,781.93,6714.696
2026-02-01 05:00:00,781.94,784.0,779.08,780.6,7118.609
2026-02-01 06:00:00,780.61,783.28,777.37,777.39,4603.089
2026-02-01 07:00:00,777.39,782.56,773.84,778.01,7818.758
2026-02-01 08:00:00,778.0,782.79,775.07,779.0,5806.146
2026-02-01 09:00:00,779.01,782.48,777.0,781.64,3293.927
2026-02-01 10:00:00,781.64,782.48,769.44,769.85,8627.559
2026-02-01 11:00:00,769.85,775.61,768.29,774.07,6203.767
2026-02-01 12:00:00,774.07,774.19,766.92,769.3,6901.547
2026-02-01 13:00:00,769.3,773.64,763.71,765.6,8497.207
2026-02-01 14:00:00,765.6,767.4,746.0,762.84,42155.31
2026-02-01 15:00:00,762.85,763.0,742.7,749.98,31443.308
2026-02-01 16:00:00,749.98,757.16,745.83,753.48,17624.949
2026-02-01 17:00:00,753.48,756.42,749.49,756.13,7680.466
2026-02-01 18:00:00,756.13,766.8,756.09,763.25,8539.861
2026-02-01 19:00:00,763.26,764.44,753.94,757.15,4767.721
2026-02-01 20:00:00,757.14,763.7,751.81,757.64,6527.879
2026-02-01 21:00:00,757.64,758.45,750.53,753.68,5669.298
2026-02-01 22:00:00,753.67,765.51,753.67,761.81,5670.996
2026-02-01 23:00:00,761.8,766.39,739.63,758.54,30019.602
2026-02-02 00:00:00,758.54,770.61,753.81,764.19,11146.96
2026-02-02 01:00:00,764.18,769.35,753.6,765.13,9595.908
2026-02-02 02:00:00,765.13,766.9,757.45,758.52,7273.421
2026-02-02 03:00:00,758.53,759.04,728.44,751.57,51210.002
2026-02-02 04:00:00,751.58,760.39,743.49,751.38,18095.14
2026-02-02 05:00:00,751.38,753.19,735.55,738.09,25463.794
2026-02-02 06:00:00,738.09,754.77,728.88,747.95,42985.755
2026-02-02 07:00:00,747.96,756.94,747.0,752.5,16362.91
2026-02-02 08:00:00,752.58,760.33,752.57,758.4,6266.631
2026-02-02 09:00:00,758.41,767.35,755.32,764.03,11185.822
2026-02-02 10:00:00,764.03,765.47,759.52,760.16,8009.204
2026-02-02 11:00:00,760.17,766.19,760.17,762.36,6824.228
2026-02-02 12:00:00,762.37,769.57,762.37,766.46,7078.144
2026-02-02 13:00:00,766.46,769.44,763.71,767.74,6176.408
2026-02-02 14:00:00,767.74,775.31,761.86,769.4,21156.879
2026-02-02 15:00:00,769.41,781.09,767.46,777.86,13939.651
2026-02-02 16:00:00,777.87,781.58,774.52,775.31,8539.288
2026-02-02 17:00:00,775.32,778.3,772.53,774.93,7236.997
2026-02-02 18:00:00,774.93,777.75,772.22,774.7,6648.634
2026-02-02 19:00:00,774.7,776.09,769.72,770.39,3648.925
2026-02-02 20:00:00,770.38,773.75,767.6,769.66,6912.912
2026-02-02 21:00:00,769.67,774.6,769.52,773.91,4442.201
2026-02-02 22:00:00,773.9,776.0,773.5,775.95,3745.858
2026-02-02 23:00:00,775.95,776.95,773.64,773.94,2717.812
2026-02-03 00:00:00,773.94,774.69,769.9,774.56,4257.449
2026-02-03 01:00:00,774.56,775.25,770.33,773.92,2411.773
2026-02-03 02:00:00,773.92,774.0,763.7,764.24,6380.677
2026-02-03 03:00:00,764.24,773.32,762.7,772.3,6560.819
2026-02-03 04:00:00,772.3,779.01,770.98,777.77,5191.56
2026-02-03 05:00:00,777.77,778.53,773.61,774.05,3321.565
2026-02-03 06:00:00,774.06,779.08,771.12,777.98,6246.236
2026-02-03 07:00:00,777.98,783.57,777.02,782.08,7854.183
2026-02-03 08:00:00,782.09,782.7,777.88,779.65,6846.381
2026-02-03 09:00:00,779.66,780.71,769.48,772.08,10959.776
2026-02-03 10:00:00,772.08,773.63,765.97,767.84,6050.47
2026-02-03 11:00:00,767.84,770.86,767.3,768.87,4922.683
2026-02-03 12:00:00,768.87,775.71,767.99,774.45,5255.172
2026-02-03 13:00:00,774.45,776.54,773.08,775.24,4524.974
2026-02-03 14:00:00,775.24,776.4,765.32,765.45,8153.871
2026-02-03 15:00:00,765.44,778.22,764.29,776.75,14475.821
2026-02-03 16:00:00,776.75,776.76,763.3,763.69,13280.68
2026-02-03 17:00:00,763.69,764.75,750.57,750.86,20804.838
2026-02-03 18:00:00,750.86,753.13,736.19,736.69,40218.037
2026-02-03 19:00:00,736.69,759.81,736.08,757.88,21329.952
2026-02-03 20:00:00,757.87,775.41,752.28,771.49,21876.788
2026-02-03 21:00:00,771.49,775.17,764.0,764.51,8302.697
2026-02-03 22:00:00,764.52,765.02,755.01,757.05,7839.633
2026-02-03 23:00:00,757.04,759.74,752.3,754.78,6882.788
2026-02-04 00:00:00,754.78,757.39,751.61,753.92,6156.12
2026-02-04 01:00:00,753.92,762.69,753.92,759.56,4485.343
2026-02-04 02:00:00,759.57,761.2,751.95,754.87,4823.937
2026-02-04 03:00:00,754.87,764.31,754.28,761.71,6247.922
2026-02-04 04:00:00,761.7,763.1,758.07,758.54,5102.435
2026-02-04 05:00:00,758.55,759.16,754.21,756.0,4937.955
2026-02-04 06:00:00,756.0,763.76,755.6,762.44,3655.143
2026-02-04 07:00:00,762.45,765.33,759.82,764.19,5351.531
2026-02-04 08:00:00,764.19,764.36,758.5,762.22,4079.831
2026-02-04 09:00:00,762.21,762.27,755.15,755.69,6183.823
2026-02-04 10:00:00,755.69,757.0,754.85,756.01,4004.882
2026-02-04 11:00:00,756.02,756.11,747.37,750.34,17833.523
2026-02-04 12:00:00,750.35,752.38,747.96,752.03,7725.375
2026-02-04 13:00:00,752.02,752.42,740.48,740.48,12489.083
2026-02-04 14:00:00,740.48,747.75,733.7,735.8,26481.904
2026-02-04 15:00:00,735.81,740.23,727.5,733.9,47446.537
2026-02-04 16:00:00,733.91,736.7,726.44,729.31,31050.122
2026-02-04 17:00:00,729.3,732.04,715.0,715.75,48317.626
2026-02-04 18:00:00,715.75,723.03,707.0,711.08,60451.629
2026-02-04 19:00:00,711.08,719.43,709.29,717.95,18653.726
2026-02-04 20:00:00,717.95,718.75,711.7,712.72,7378.773
2026-02-04 21:00:00,712.72,714.28,700.01,702.12,21873.829
2026-02-04 22:00:00,702.11,703.35,687.3,691.24,47360.451
2026-02-04 23:00:00,691.24,702.43,690.09,697.27,22380.667
2026-02-05 00:00:00,697.27,700.0,694.32,695.91,9558.618
2026-02-05 01:00:00,695.91,703.0,691.01,698.52,20789.537
2026-02-05 02:00:00,698.53,702.45,692.65,694.64,24849.943
2026-02-05 03:00:00,694.64,699.39,692.33,694.19,14745.403
2026-02-05 04:00:00,694.19,697.34,690.01,692.8,21654.961
2026-02-05 05:00:00,692.8,699.15,686.0,692.49,26726.025
2026-02-05 06:00:00,692.5,694.07,688.47,691.74,16252.662
2026-02-05 07:00:00,691.74,700.24,690.4,691.49,21648.048
2026-02-05 08:00:00,691.5,697.38,690.84,691.57,8321.656
2026-02-05 09:00:00,691.58,700.37,691.58,697.87,8188.723
2026-02-05 10:00:00,697.88,699.52,689.13,691.43,7817.583
2026-02-05 11:00:00,691.43,691.67,674.71,683.49,46852.429
2026-02-05 12:00:00,683.49,688.05,672.7,676.96,25878.867
2026-02-05 13:00:00,676.97,679.42,669.39,674.51,17382.587
2026-02-05 14:00:00,674.52,688.53,674.03,676.18,19086.546
2026-02-05 15:00:00,676.19,678.03,646.66,658.56,89978.009
2026-02-05 16:00:00,658.56,673.96,656.01,669.91,31427.565
2026-02-05 17:00:00,669.92,671.36,652.15,654.74,21514.057
2026-02-05 18:00:00,654.75,658.46,631.09,653.68,61513.385
2026-02-05 19:00:00,653.68,654.62,638.11,641.19,16224.117
2026-02-05 20:00:00,641.28,645.15,611.35,617.21,123296.082
2026-02-05 21:00:00,617.22,631.48,606.01,610.83,103743.591
2026-02-05 22:00:00,610.83,624.39,602.17,617.03,39855.094
2026-02-05 23:00:00,617.04,628.1,604.52,608.3,21873.182
2026-02-06 00:00:00,608.3,620.59,570.06,614.51,162002.892
2026-02-06 01:00:00,614.52,630.0,613.43,629.91,31447.594
2026-02-06 02:00:00,629.92,634.0,618.99,622.53,24518.232
2026-02-06 03:00:00,622.53,625.33,611.57,615.11,21821.952
2026-02-06 04:00:00,615.1,624.66,613.1,620.43,21023.431
2026-02-06 05:00:00,620.43,642.49,619.77,639.38,30848.787
2026-02-06 06:00:00,639.39,642.04,625.93,626.48,19672.786
2026-02-06 07:00:00,626.48,629.1,620.75,623.05,15986.649
2026-02-06 08:00:00,623.06,625.79,617.0,619.61,17712.808
2026-02-06 09:00:00,619.61,631.49,617.15,629.46,19816.67
2026-02-06 10:00:00,629.47,636.12,627.24,633.58,10138.35
2026-02-06 11:00:00,633.58,638.48,632.13,636.17,9425.777
2026-02-06 12:00:00,636.16,637.13,632.45,636.73,6093.875
2026-02-06 13:00:00,636.73,647.76,636.09,643.75,15941.573
2026-02-06 14:00:00,643.75,654.76,638.01,650.45,29410.48
2026-02-06 15:00:00,650.45,654.54,644.33,651.2,21472.741
2026-02-06 16:00:00,651.19,663.0,649.06,659.46,27586.566
2026-02-06 17:00:00,659.46,669.65,657.11,661.95,33213.151
2026-02-06 18:00:00,661.95,662.6,648.94,654.02,19489.641
2026-02-06 19:00:00,654.02,660.22,652.33,658.82,11278.361
2026-02-06 20:00:00,658.83,665.47,655.82,657.14,13296.008
2026-02-06 21:00:00,657.15,664.64,654.87,662.35,12815.617
2026-02-06 22:00:00,662.35,665.08,660.44,663.95,5681.998
